RI,Al,Mn,Pb,Si,K,Cu,Ag,Fe
1.51748,13.86,2.56,0.47,72.29,0.54,11.28,0.00,0.17
1.51831,11.39,0.00,1.32,73.86,0.74,7.27,1.88,0.00
